{"cameraMode":{"drawMode":0,"name":"Shaded","section":"Shading Mode"},"sceneLighting":true,"audioPlay":false,"sceneViewState":{"showFog":true,"showMaterialUpdate":false,"showSkybox":true,"showFlares":true,"showImageEffects":true,"showParticleSystems":true},"in2DMode":false,"pivot":{"x":-14.642194747924805,"y":-9.556414604187012,"z":27.645999908447267},"rotation":{"x":-0.25019240379333498,"y":0.4132487177848816,"z":-0.11919394135475159,"w":-0.8674240708351135},"size":10.0,"orthographic":false}